lower_pred,upper_pred,actual_pred,Months
3.667362847228979,7.145490613213673,5.380746325152869,January-February
5.1322719295356825,12.27868773524431,8.707195973258745,March-May
3.8797042360599256,7.2141221590439075,5.511879480607734,June-September
3.2654845502821708,7.706307159378998,5.528058879814591,October-December
